<?xml version="1.0" encoding="UTF-8"?>
<project version="4">
  <component name="AutoImportSettings">
    <option name="autoReloadType" value="NONE" />
  </component>
  <component name="ChangeListManager">
    <list default="true" id="573ecf85-b687-4e9c-b762-73f49c6be598" name="Changes" comment="" />
    <option name="SHOW_DIALOG" value="false" />
    <option name="HIGHLIGHT_CONFLICTS" value="true" />
    <option name="HIGHLIGHT_NON_ACTIVE_CHANGELIST" value="false" />
    <option name="LAST_RESOLUTION" value="IGNORE" />
  </component>
  <component name="FileTemplateManagerImpl">
    <option name="RECENT_TEMPLATES">
      <list>
        <option value="Dart File" />
      </list>
    </option>
  </component>
  <component name="MarkdownSettingsMigration">
    <option name="stateVersion" value="1" />
  </component>
  <component name="ProjectId" id="2MxzjxL3lAaCDoLmG2Tlv4Cmw6S" />
  <component name="ProjectViewState">
    <option name="hideEmptyMiddlePackages" value="true" />
    <option name="showLibraryContents" value="true" />
  </component>
  <component name="PropertiesComponent">{
  &quot;keyToString&quot;: {
    &quot;RunOnceActivity.OpenProjectViewOnStart&quot;: &quot;true&quot;,
    &quot;RunOnceActivity.ShowReadmeOnStart&quot;: &quot;true&quot;,
    &quot;RunOnceActivity.cidr.known.project.marker&quot;: &quot;true&quot;,
    &quot;cidr.known.project.marker&quot;: &quot;true&quot;,
    &quot;dart.analysis.tool.window.visible&quot;: &quot;false&quot;,
    &quot;io.flutter.reload.alreadyRun&quot;: &quot;true&quot;,
    &quot;settings.editor.selected.configurable&quot;: &quot;AndroidSdkUpdater&quot;,
    &quot;show.migrate.to.gradle.popup&quot;: &quot;false&quot;
  }
}</component>
  <component name="RecentsManager">
    <key name="MoveFile.RECENT_KEYS">
      <recent name="C:\Users\saiva\AndroidStudioProjects\idea_project\assets" />
    </key>
  </component>
  <component name="RunManager" selected="Flutter.Welcome.dart">
    <configuration name="Welcome.dart" type="FlutterRunConfigurationType" factoryName="Flutter" temporary="true" nameIsGenerated="true">
      <option name="additionalArgs" value="--no-sound-null-safety" />
      <option name="filePath" value="$PROJECT_DIR$/lib/Welcome.dart" />
      <method v="2" />
    </configuration>
    <configuration name="main.dart" type="FlutterRunConfigurationType" factoryName="Flutter">
      <option name="filePath" value="$PROJECT_DIR$/lib/main.dart" />
      <method v="2" />
    </configuration>
    <configuration name="video_play.dart" type="FlutterRunConfigurationType" factoryName="Flutter" temporary="true" nameIsGenerated="true">
      <option name="filePath" value="$PROJECT_DIR$/lib/video_play.dart" />
      <method v="2" />
    </configuration>
    <list>
      <item itemvalue="Flutter.main.dart" />
      <item itemvalue="Flutter.video_play.dart" />
      <item itemvalue="Flutter.Welcome.dart" />
    </list>
    <recent_temporary>
      <list>
        <item itemvalue="Flutter.Welcome.dart" />
        <item itemvalue="Flutter.video_play.dart" />
      </list>
    </recent_temporary>
  </component>
  <component name="SpellCheckerSettings" RuntimeDictionaries="0" Folders="0" CustomDictionaries="0" DefaultDictionary="application-level" UseSingleDictionary="true" transferred="true" />
  <component name="TaskManager">
    <task active="true" id="Default" summary="Default task">
      <changelist id="573ecf85-b687-4e9c-b762-73f49c6be598" name="Changes" comment="" />
      <created>1678724169376</created>
      <option name="number" value="Default" />
      <option name="presentableId" value="Default" />
      <updated>1678724169376</updated>
    </task>
    <servers />
  </component>
</project>