<component name="libraryTable">
  <library name="Dart Packages" type="DartPackagesLibraryType">
    <properties>
      <option name="packageNameToDirsMap">
        <entry key="archive">
          <value>
            <list>
              <option value="$USER_HOME$/AppData/Local/Pub/Cache/hosted/pub.dev/archive-3.3.6/lib" />
            </list>
          </value>
        </entry>
        <entry key="args">
          <value>
            <list>
              <option value="$USER_HOME$/AppData/Local/Pub/Cache/hosted/pub.dev/args-2.4.0/lib" />
            </list>
          </value>
        </entry>
        <entry key="async">
          <value>
            <list>
              <option value="$USER_HOME$/AppData/Local/Pub/Cache/hosted/pub.dev/async-2.10.0/lib" />
            </list>
          </value>
        </entry>
        <entry key="boolean_selector">
          <value>
            <list>
              <option value="$USER_HOME$/AppData/Local/Pub/Cache/hosted/pub.dev/boolean_selector-2.1.1/lib" />
            </list>
          </value>
        </entry>
        <entry key="carousel_pro">
          <value>
            <list>
              <option value="$USER_HOME$/AppData/Local/Pub/Cache/hosted/pub.dev/carousel_pro-1.0.0/lib" />
            </list>
          </value>
        </entry>
        <entry key="characters">
          <value>
            <list>
              <option value="$USER_HOME$/AppData/Local/Pub/Cache/hosted/pub.dev/characters-1.2.1/lib" />
            </list>
          </value>
        </entry>
        <entry key="checked_yaml">
          <value>
            <list>
              <option value="$USER_HOME$/AppData/Local/Pub/Cache/hosted/pub.dev/checked_yaml-2.0.2/lib" />
            </list>
          </value>
        </entry>
        <entry key="cli_util">
          <value>
            <list>
              <option value="$USER_HOME$/AppData/Local/Pub/Cache/hosted/pub.dev/cli_util-0.3.5/lib" />
            </list>
          </value>
        </entry>
        <entry key="clock">
          <value>
            <list>
              <option value="$USER_HOME$/AppData/Local/Pub/Cache/hosted/pub.dev/clock-1.1.1/lib" />
            </list>
          </value>
        </entry>
        <entry key="collection">
          <value>
            <list>
              <option value="$USER_HOME$/AppData/Local/Pub/Cache/hosted/pub.dev/collection-1.17.0/lib" />
            </list>
          </value>
        </entry>
        <entry key="convert">
          <value>
            <list>
              <option value="$USER_HOME$/AppData/Local/Pub/Cache/hosted/pub.dev/convert-3.1.1/lib" />
            </list>
          </value>
        </entry>
        <entry key="crypto">
          <value>
            <list>
              <option value="$USER_HOME$/AppData/Local/Pub/Cache/hosted/pub.dev/crypto-3.0.2/lib" />
            </list>
          </value>
        </entry>
        <entry key="cupertino_icons">
          <value>
            <list>
              <option value="$USER_HOME$/AppData/Local/Pub/Cache/hosted/pub.dev/cupertino_icons-1.0.5/lib" />
            </list>
          </value>
        </entry>
        <entry key="fake_async">
          <value>
            <list>
              <option value="$USER_HOME$/AppData/Local/Pub/Cache/hosted/pub.dev/fake_async-1.3.1/lib" />
            </list>
          </value>
        </entry>
        <entry key="flutter">
          <value>
            <list>
              <option value="$PROJECT_DIR$/../../../../src/flutter/packages/flutter/lib" />
            </list>
          </value>
        </entry>
        <entry key="flutter_inappwebview">
          <value>
            <list>
              <option value="$USER_HOME$/AppData/Local/Pub/Cache/hosted/pub.dev/flutter_inappwebview-5.7.2+3/lib" />
            </list>
          </value>
        </entry>
        <entry key="flutter_launcher_icons">
          <value>
            <list>
              <option value="$USER_HOME$/AppData/Local/Pub/Cache/hosted/pub.dev/flutter_launcher_icons-0.12.0/lib" />
            </list>
          </value>
        </entry>
        <entry key="flutter_lints">
          <value>
            <list>
              <option value="$USER_HOME$/AppData/Local/Pub/Cache/hosted/pub.dev/flutter_lints-2.0.1/lib" />
            </list>
          </value>
        </entry>
        <entry key="flutter_test">
          <value>
            <list>
              <option value="$PROJECT_DIR$/../../../../src/flutter/packages/flutter_test/lib" />
            </list>
          </value>
        </entry>
        <entry key="image">
          <value>
            <list>
              <option value="$USER_HOME$/AppData/Local/Pub/Cache/hosted/pub.dev/image-4.0.15/lib" />
            </list>
          </value>
        </entry>
        <entry key="js">
          <value>
            <list>
              <option value="$USER_HOME$/AppData/Local/Pub/Cache/hosted/pub.dev/js-0.6.5/lib" />
            </list>
          </value>
        </entry>
        <entry key="json_annotation">
          <value>
            <list>
              <option value="$USER_HOME$/AppData/Local/Pub/Cache/hosted/pub.dev/json_annotation-4.8.0/lib" />
            </list>
          </value>
        </entry>
        <entry key="lints">
          <value>
            <list>
              <option value="$USER_HOME$/AppData/Local/Pub/Cache/hosted/pub.dev/lints-2.0.1/lib" />
            </list>
          </value>
        </entry>
        <entry key="matcher">
          <value>
            <list>
              <option value="$USER_HOME$/AppData/Local/Pub/Cache/hosted/pub.dev/matcher-0.12.13/lib" />
            </list>
          </value>
        </entry>
        <entry key="material_color_utilities">
          <value>
            <list>
              <option value="$USER_HOME$/AppData/Local/Pub/Cache/hosted/pub.dev/material_color_utilities-0.2.0/lib" />
            </list>
          </value>
        </entry>
        <entry key="meta">
          <value>
            <list>
              <option value="$USER_HOME$/AppData/Local/Pub/Cache/hosted/pub.dev/meta-1.8.0/lib" />
            </list>
          </value>
        </entry>
        <entry key="path">
          <value>
            <list>
              <option value="$USER_HOME$/AppData/Local/Pub/Cache/hosted/pub.dev/path-1.8.2/lib" />
            </list>
          </value>
        </entry>
        <entry key="petitparser">
          <value>
            <list>
              <option value="$USER_HOME$/AppData/Local/Pub/Cache/hosted/pub.dev/petitparser-5.1.0/lib" />
            </list>
          </value>
        </entry>
        <entry key="pointycastle">
          <value>
            <list>
              <option value="$USER_HOME$/AppData/Local/Pub/Cache/hosted/pub.dev/pointycastle-3.6.2/lib" />
            </list>
          </value>
        </entry>
        <entry key="sky_engine">
          <value>
            <list>
              <option value="$PROJECT_DIR$/../../../../src/flutter/bin/cache/pkg/sky_engine/lib" />
            </list>
          </value>
        </entry>
        <entry key="source_span">
          <value>
            <list>
              <option value="$USER_HOME$/AppData/Local/Pub/Cache/hosted/pub.dev/source_span-1.9.1/lib" />
            </list>
          </value>
        </entry>
        <entry key="stack_trace">
          <value>
            <list>
              <option value="$USER_HOME$/AppData/Local/Pub/Cache/hosted/pub.dev/stack_trace-1.11.0/lib" />
            </list>
          </value>
        </entry>
        <entry key="stream_channel">
          <value>
            <list>
              <option value="$USER_HOME$/AppData/Local/Pub/Cache/hosted/pub.dev/stream_channel-2.1.1/lib" />
            </list>
          </value>
        </entry>
        <entry key="string_scanner">
          <value>
            <list>
              <option value="$USER_HOME$/AppData/Local/Pub/Cache/hosted/pub.dev/string_scanner-1.2.0/lib" />
            </list>
          </value>
        </entry>
        <entry key="term_glyph">
          <value>
            <list>
              <option value="$USER_HOME$/AppData/Local/Pub/Cache/hosted/pub.dev/term_glyph-1.2.1/lib" />
            </list>
          </value>
        </entry>
        <entry key="test_api">
          <value>
            <list>
              <option value="$USER_HOME$/AppData/Local/Pub/Cache/hosted/pub.dev/test_api-0.4.16/lib" />
            </list>
          </value>
        </entry>
        <entry key="typed_data">
          <value>
            <list>
              <option value="$USER_HOME$/AppData/Local/Pub/Cache/hosted/pub.dev/typed_data-1.3.1/lib" />
            </list>
          </value>
        </entry>
        <entry key="vector_math">
          <value>
            <list>
              <option value="$USER_HOME$/AppData/Local/Pub/Cache/hosted/pub.dev/vector_math-2.1.4/lib" />
            </list>
          </value>
        </entry>
        <entry key="xml">
          <value>
            <list>
              <option value="$USER_HOME$/AppData/Local/Pub/Cache/hosted/pub.dev/xml-6.2.2/lib" />
            </list>
          </value>
        </entry>
        <entry key="yaml">
          <value>
            <list>
              <option value="$USER_HOME$/AppData/Local/Pub/Cache/hosted/pub.dev/yaml-3.1.1/lib" />
            </list>
          </value>
        </entry>
        <entry key="youtube_player_flutter">
          <value>
            <list>
              <option value="$USER_HOME$/AppData/Local/Pub/Cache/hosted/pub.dev/youtube_player_flutter-8.1.2/lib" />
            </list>
          </value>
        </entry>
      </option>
    </properties>
    <CLASSES>
      <root url="file://$USER_HOME$/AppData/Local/Pub/Cache/hosted/pub.dev/archive-3.3.6/lib" />
      <root url="file://$USER_HOME$/AppData/Local/Pub/Cache/hosted/pub.dev/args-2.4.0/lib" />
      <root url="file://$USER_HOME$/AppData/Local/Pub/Cache/hosted/pub.dev/async-2.10.0/lib" />
      <root url="file://$USER_HOME$/AppData/Local/Pub/Cache/hosted/pub.dev/boolean_selector-2.1.1/lib" />
      <root url="file://$USER_HOME$/AppData/Local/Pub/Cache/hosted/pub.dev/carousel_pro-1.0.0/lib" />
      <root url="file://$USER_HOME$/AppData/Local/Pub/Cache/hosted/pub.dev/characters-1.2.1/lib" />
      <root url="file://$USER_HOME$/AppData/Local/Pub/Cache/hosted/pub.dev/checked_yaml-2.0.2/lib" />
      <root url="file://$USER_HOME$/AppData/Local/Pub/Cache/hosted/pub.dev/cli_util-0.3.5/lib" />
      <root url="file://$USER_HOME$/AppData/Local/Pub/Cache/hosted/pub.dev/clock-1.1.1/lib" />
      <root url="file://$USER_HOME$/AppData/Local/Pub/Cache/hosted/pub.dev/collection-1.17.0/lib" />
      <root url="file://$USER_HOME$/AppData/Local/Pub/Cache/hosted/pub.dev/convert-3.1.1/lib" />
      <root url="file://$USER_HOME$/AppData/Local/Pub/Cache/hosted/pub.dev/crypto-3.0.2/lib" />
      <root url="file://$USER_HOME$/AppData/Local/Pub/Cache/hosted/pub.dev/cupertino_icons-1.0.5/lib" />
      <root url="file://$USER_HOME$/AppData/Local/Pub/Cache/hosted/pub.dev/fake_async-1.3.1/lib" />
      <root url="file://$USER_HOME$/AppData/Local/Pub/Cache/hosted/pub.dev/flutter_inappwebview-5.7.2+3/lib" />
      <root url="file://$USER_HOME$/AppData/Local/Pub/Cache/hosted/pub.dev/flutter_launcher_icons-0.12.0/lib" />
      <root url="file://$USER_HOME$/AppData/Local/Pub/Cache/hosted/pub.dev/flutter_lints-2.0.1/lib" />
      <root url="file://$USER_HOME$/AppData/Local/Pub/Cache/hosted/pub.dev/image-4.0.15/lib" />
      <root url="file://$USER_HOME$/AppData/Local/Pub/Cache/hosted/pub.dev/js-0.6.5/lib" />
      <root url="file://$USER_HOME$/AppData/Local/Pub/Cache/hosted/pub.dev/json_annotation-4.8.0/lib" />
      <root url="file://$USER_HOME$/AppData/Local/Pub/Cache/hosted/pub.dev/lints-2.0.1/lib" />
      <root url="file://$USER_HOME$/AppData/Local/Pub/Cache/hosted/pub.dev/matcher-0.12.13/lib" />
      <root url="file://$USER_HOME$/AppData/Local/Pub/Cache/hosted/pub.dev/material_color_utilities-0.2.0/lib" />
      <root url="file://$USER_HOME$/AppData/Local/Pub/Cache/hosted/pub.dev/meta-1.8.0/lib" />
      <root url="file://$USER_HOME$/AppData/Local/Pub/Cache/hosted/pub.dev/path-1.8.2/lib" />
      <root url="file://$USER_HOME$/AppData/Local/Pub/Cache/hosted/pub.dev/petitparser-5.1.0/lib" />
      <root url="file://$USER_HOME$/AppData/Local/Pub/Cache/hosted/pub.dev/pointycastle-3.6.2/lib" />
      <root url="file://$USER_HOME$/AppData/Local/Pub/Cache/hosted/pub.dev/source_span-1.9.1/lib" />
      <root url="file://$USER_HOME$/AppData/Local/Pub/Cache/hosted/pub.dev/stack_trace-1.11.0/lib" />
      <root url="file://$USER_HOME$/AppData/Local/Pub/Cache/hosted/pub.dev/stream_channel-2.1.1/lib" />
      <root url="file://$USER_HOME$/AppData/Local/Pub/Cache/hosted/pub.dev/string_scanner-1.2.0/lib" />
      <root url="file://$USER_HOME$/AppData/Local/Pub/Cache/hosted/pub.dev/term_glyph-1.2.1/lib" />
      <root url="file://$USER_HOME$/AppData/Local/Pub/Cache/hosted/pub.dev/test_api-0.4.16/lib" />
      <root url="file://$USER_HOME$/AppData/Local/Pub/Cache/hosted/pub.dev/typed_data-1.3.1/lib" />
      <root url="file://$USER_HOME$/AppData/Local/Pub/Cache/hosted/pub.dev/vector_math-2.1.4/lib" />
      <root url="file://$USER_HOME$/AppData/Local/Pub/Cache/hosted/pub.dev/xml-6.2.2/lib" />
      <root url="file://$USER_HOME$/AppData/Local/Pub/Cache/hosted/pub.dev/yaml-3.1.1/lib" />
      <root url="file://$USER_HOME$/AppData/Local/Pub/Cache/hosted/pub.dev/youtube_player_flutter-8.1.2/lib" />
      <root url="file://$PROJECT_DIR$/../../../../src/flutter/bin/cache/pkg/sky_engine/lib" />
      <root url="file://$PROJECT_DIR$/../../../../src/flutter/packages/flutter/lib" />
      <root url="file://$PROJECT_DIR$/../../../../src/flutter/packages/flutter_test/lib" />
    </CLASSES>
    <JAVADOC />
    <SOURCES />
  </library>
</component>